{
  "regression": {
    "period_1": {
      "mae": 0.001215815580132524
    },
    "period_2": {
      "mae": 0.0017434100691347736
    },
    "period_3": {
      "mae": 0.002115840461536791
    }
  },
  "classification": {},
  "binary_classification": {},
  "threshold_binary_classification": {
    "period_1": {
      "accuracy": 0.518264587710568,
      "precision": 0.5137196159869272,
      "recall": 0.5600504750593824,
      "f1_score": 0.5358855072978443,
      "confusion_matrix": [
        [
          6515,
          7142
        ],
        [
          5927,
          7545
        ]
      ],
      "filtered_ratio": 0.0,
      "data_size": {
        "0.0": 13657,
        "1.0": 13472
      }
    },
    "period_2": {
      "accuracy": 0.5169744553798519,
      "precision": 0.5182081603884408,
      "recall": 0.48765568575429286,
      "f1_score": 0.5024679170779862,
      "confusion_matrix": [
        [
          7408,
          6152
        ],
        [
          6952,
          6617
        ]
      ],
      "filtered_ratio": 0.0,
      "data_size": {
        "1.0": 13569,
        "0.0": 13560
      }
    },
    "period_3": {
      "accuracy": 0.5169744553798519,
      "precision": 0.5189902732746642,
      "recall": 0.49448367166813767,
      "f1_score": 0.5064406779661017,
      "confusion_matrix": [
        [
          7302,
          6231
        ],
        [
          6873,
          6723
        ]
      ],
      "filtered_ratio": 0.0,
      "data_size": {
        "1.0": 13596,
        "0.0": 13533
      }
    }
  }
}