{
  "regression": {
    "period_1": {
      "mae": 0.0010974748545249104
    },
    "period_2": {
      "mae": 0.001599136473693586
    },
    "period_3": {
      "mae": 0.0019524290298227958
    }
  },
  "classification": {
    "period_1": {
      "accuracy": 0.26531879045845524,
      "class_metrics": {
        "\u4e0b\u843d": {
          "precision": 0.0,
          "recall": 0.0,
          "f1-score": 0.0,
          "support": 10512.0
        },
        "\u6a2a\u3070\u3044": {
          "precision": 0.3,
          "recall": 0.00023439331197749826,
          "f1-score": 0.0004684206417362792,
          "support": 12799.0
        },
        "\u4e0a\u6607": {
          "precision": 0.3069266290405336,
          "recall": 0.8529467680608365,
          "f1-score": 0.4514149163627217,
          "support": 10520.0
        }
      },
      "confusion_matrix": [
        [
          0,
          4,
          8658,
          1850
        ],
        [
          0,
          3,
          11604,
          1192
        ],
        [
          0,
          3,
          8973,
          1544
        ],
        [
          0,
          0,
          0,
          0
        ]
      ]
    },
    "period_2": {
      "accuracy": 0.32289911619520556,
      "class_metrics": {
        "\u4e0b\u843d": {
          "precision": 0.0,
          "recall": 0.0,
          "f1-score": 0.0,
          "support": 12322.0
        },
        "\u6a2a\u3070\u3044": {
          "precision": 0.21855095541401273,
          "recall": 0.12099173553719009,
          "f1-score": 0.1557557273565501,
          "support": 9075.0
        },
        "\u4e0a\u6607": {
          "precision": 0.3670115414783551,
          "recall": 0.7902525333762265,
          "f1-score": 0.5012370240008162,
          "support": 12434.0
        }
      },
      "confusion_matrix": [
        [
          0,
          2092,
          9372,
          858
        ],
        [
          0,
          1098,
          7575,
          402
        ],
        [
          0,
          1834,
          9826,
          774
        ],
        [
          0,
          0,
          0,
          0
        ]
      ]
    },
    "period_3": {
      "accuracy": 0.33436788744051316,
      "class_metrics": {
        "\u4e0b\u843d": {
          "precision": 0.0,
          "recall": 0.0,
          "f1-score": 0.0,
          "support": 12972.0
        },
        "\u6a2a\u3070\u3044": {
          "precision": 0.18489026995533114,
          "recall": 0.12387768379960963,
          "f1-score": 0.14835592956210067,
          "support": 7685.0
        },
        "\u4e0a\u6607": {
          "precision": 0.39091389329107235,
          "recall": 0.7863974495217854,
          "f1-score": 0.5222300635144672,
          "support": 13174.0
        }
      },
      "confusion_matrix": [
        [
          0,
          2259,
          9779,
          934
        ],
        [
          0,
          952,
          6363,
          370
        ],
        [
          0,
          1938,
          10360,
          876
        ],
        [
          0,
          0,
          0,
          0
        ]
      ]
    }
  }
}