{
  "regression": {
    "period_1": {
      "mae": 0.0012069608139211325
    },
    "period_2": {
      "mae": 0.0017293513031470342
    },
    "period_3": {
      "mae": 0.00209753409143404
    }
  },
  "classification": {
    "period_1": {
      "accuracy": 0.5160994572392548,
      "class_metrics": {
        "下落": {
          "precision": 0.5176785462741231,
          "recall": 0.5366138570489888,
          "f1-score": 0.5269761606022585,
          "support": 13697.0
        },
        "上昇": {
          "precision": 0.5143840856924254,
          "recall": 0.49539459140814973,
          "f1-score": 0.5047107841297248,
          "support": 13571.0
        }
      },
      "confusion_matrix": [
        [
          7350,
          6347
        ],
        [
          6848,
          6723
        ]
      ]
    },
    "period_2": {
      "accuracy": 0.5165762065424674,
      "class_metrics": {
        "下落": {
          "precision": 0.514504347826087,
          "recall": 0.5438635193764247,
          "f1-score": 0.5287767212411525,
          "support": 13599.0
        },
        "上昇": {
          "precision": 0.5188862173272318,
          "recall": 0.48942863413563537,
          "f1-score": 0.5037271289812514,
          "support": 13669.0
        }
      },
      "confusion_matrix": [
        [
          7396,
          6203
        ],
        [
          6979,
          6690
        ]
      ]
    },
    "period_3": {
      "accuracy": 0.5215270646912131,
      "class_metrics": {
        "下落": {
          "precision": 0.518490038448095,
          "recall": 0.5463317619328226,
          "f1-score": 0.5320469136688067,
          "support": 13576.0
        },
        "上昇": {
          "precision": 0.5248785003471419,
          "recall": 0.49693251533742333,
          "f1-score": 0.5105233539673607,
          "support": 13692.0
        }
      },
      "confusion_matrix": [
        [
          7417,
          6159
        ],
        [
          6888,
          6804
        ]
      ]
    }
  },
  "binary_classification": {},
  "threshold_binary_classification": {
    "period_1": {
      "accuracy": 0.5182998386386973,
      "precision": 0.5151451993886341,
      "recall": 0.5463856753371159,
      "f1_score": 0.5303057393170034,
      "confusion_matrix": [
        [
          6718,
          6979
        ],
        [
          6156,
          7415
        ]
      ],
      "filtered_ratio": 0.0,
      "data_size": {
        "0.0": 13697,
        "1.0": 13571
      }
    },
    "period_2": {
      "accuracy": 0.5197667595716591,
      "precision": 0.5204067121729238,
      "recall": 0.5354451678981638,
      "f1_score": 0.5278188439764901,
      "confusion_matrix": [
        [
          6854,
          6745
        ],
        [
          6350,
          7319
        ]
      ],
      "filtered_ratio": 0.0,
      "data_size": {
        "1.0": 13669,
        "0.0": 13599
      }
    },
    "period_3": {
      "accuracy": 0.5233607158574153,
      "precision": 0.5232332687036171,
      "recall": 0.5715746421267893,
      "f1_score": 0.546336695870711,
      "confusion_matrix": [
        [
          6445,
          7131
        ],
        [
          5866,
          7826
        ]
      ],
      "filtered_ratio": 0.0,
      "data_size": {
        "1.0": 13692,
        "0.0": 13576
      }
    }
  }
}