{
  "regression": {
    "period_1": {
      "mae": 0.0011051317530571814
    },
    "period_2": {
      "mae": 0.0015850094497962756
    },
    "period_3": {
      "mae": 0.0019552622420019997
    }
  },
  "classification": {
    "period_1": {
      "accuracy": 0.382105169814667,
      "class_metrics": {
        "\u4e0b\u843d": {
          "precision": 0.38098641887062185,
          "recall": 0.050703957382039574,
          "f1-score": 0.0894971035177567,
          "support": 10512.0
        },
        "\u6a2a\u3070\u3044": {
          "precision": 0.3970719081129176,
          "recall": 0.7671511173620879,
          "f1-score": 0.5232917599403049,
          "support": 12798.0
        },
        "\u4e0a\u6607": {
          "precision": 0.33428497274850766,
          "recall": 0.24484364604125083,
          "f1-score": 0.2826575958742525,
          "support": 10521.0
        }
      },
      "confusion_matrix": [
        [
          533,
          7448,
          2531
        ],
        [
          381,
          9818,
          2599
        ],
        [
          485,
          7460,
          2576
        ]
      ]
    },
    "period_2": {
      "accuracy": 0.325322928674884,
      "class_metrics": {
        "\u4e0b\u843d": {
          "precision": 0.45663265306122447,
          "recall": 0.014526862522317805,
          "f1-score": 0.028157936133396257,
          "support": 12322.0
        },
        "\u6a2a\u3070\u3044": {
          "precision": 0.28651942117288653,
          "recall": 0.6218181818181818,
          "f1-score": 0.39228362877997913,
          "support": 9075.0
        },
        "\u4e0a\u6607": {
          "precision": 0.37718277066356226,
          "recall": 0.41692134470001607,
          "f1-score": 0.39605775842310337,
          "support": 12434.0
        }
      },
      "confusion_matrix": [
        [
          179,
          6932,
          5211
        ],
        [
          83,
          5643,
          3349
        ],
        [
          130,
          7120,
          5184
        ]
      ]
    },
    "period_3": {
      "accuracy": 0.24805651621294078,
      "class_metrics": {
        "\u4e0b\u843d": {
          "precision": 0.44768856447688565,
          "recall": 0.028368794326241134,
          "f1-score": 0.05335653182543135,
          "support": 12972.0
        },
        "\u6a2a\u3070\u3044": {
          "precision": 0.22950439250787336,
          "recall": 0.9008458035133377,
          "f1-score": 0.3658124174372523,
          "support": 7685.0
        },
        "\u4e0a\u6607": {
          "precision": 0.3871308016877637,
          "recall": 0.08357370578412024,
          "f1-score": 0.13747034586090648,
          "support": 13174.0
        }
      },
      "confusion_matrix": [
        [
          368,
          11488,
          1116
        ],
        [
          135,
          6923,
          627
        ],
        [
          319,
          11754,
          1101
        ]
      ]
    }
  }
}