{
  "regression": {
    "period_1": {
      "mae": 0.0012068477670821916
    },
    "period_2": {
      "mae": 0.0017294678855827082
    },
    "period_3": {
      "mae": 0.0020985366115581863
    }
  },
  "classification": {
    "period_1": {
      "accuracy": 0.516630606182845,
      "class_metrics": {
        "下落": {
          "precision": 0.5178546808217289,
          "recall": 0.5483611942477553,
          "f1-score": 0.532671512143237,
          "support": 13699.0
        },
        "上昇": {
          "precision": 0.5152393637859437,
          "recall": 0.48459837877671336,
          "f1-score": 0.4994493601184825,
          "support": 13570.0
        }
      },
      "confusion_matrix": [
        [
          7512,
          6187
        ],
        [
          6994,
          6576
        ]
      ]
    },
    "period_2": {
      "accuracy": 0.5176574131798012,
      "class_metrics": {
        "下落": {
          "precision": 0.5164120184223993,
          "recall": 0.5193353918541391,
          "f1-score": 0.5178695795608665,
          "support": 13602.0
        },
        "上昇": {
          "precision": 0.5189109639440765,
          "recall": 0.515987414941099,
          "f1-score": 0.5174450599845911,
          "support": 13667.0
        }
      },
      "confusion_matrix": [
        [
          7064,
          6538
        ],
        [
          6615,
          7052
        ]
      ]
    },
    "period_3": {
      "accuracy": 0.5243316586600169,
      "class_metrics": {
        "下落": {
          "precision": 0.5215027187345527,
          "recall": 0.5438144329896907,
          "f1-score": 0.5324249306081251,
          "support": 13580.0
        },
        "上昇": {
          "precision": 0.5273878547451938,
          "recall": 0.5050040178245306,
          "f1-score": 0.5159532783520543,
          "support": 13689.0
        }
      },
      "confusion_matrix": [
        [
          7385,
          6195
        ],
        [
          6776,
          6913
        ]
      ]
    }
  },
  "binary_classification": {},
  "threshold_binary_classification": {
    "period_1": {
      "accuracy": 0.5182074883567421,
      "precision": 0.5156748911465893,
      "recall": 0.5236551215917465,
      "f1_score": 0.5196343692870201,
      "confusion_matrix": [
        [
          7025,
          6674
        ],
        [
          6464,
          7106
        ]
      ],
      "filtered_ratio": 0.0,
      "data_size": {
        "0.0": 13699,
        "1.0": 13570
      }
    },
    "period_2": {
      "accuracy": 0.519417653746012,
      "precision": 0.5198952138204475,
      "recall": 0.5372795785468647,
      "f1_score": 0.528444460436832,
      "confusion_matrix": [
        [
          6821,
          6781
        ],
        [
          6324,
          7343
        ]
      ],
      "filtered_ratio": 0.0,
      "data_size": {
        "1.0": 13667,
        "0.0": 13602
      }
    },
    "period_3": {
      "accuracy": 0.5195643404598629,
      "precision": 0.5199511400651465,
      "recall": 0.5597194827964058,
      "f1_score": 0.5391029023746702,
      "confusion_matrix": [
        [
          6506,
          7074
        ],
        [
          6027,
          7662
        ]
      ],
      "filtered_ratio": 0.0,
      "data_size": {
        "1.0": 13689,
        "0.0": 13580
      }
    }
  }
}