{
  "regression": {
    "period_1": {
      "mae": 0.0011078538135570158
    },
    "period_2": {
      "mae": 0.0015920330036910647
    },
    "period_3": {
      "mae": 0.001948184563834707
    }
  },
  "classification": {
    "period_1": {
      "accuracy": 0.39178244161986403,
      "class_metrics": {
        "\u4e0b\u843d": {
          "precision": 0.37000789265982637,
          "recall": 0.22298325722983256,
          "f1-score": 0.2782691280346649,
          "support": 10512.0
        },
        "\u6a2a\u3070\u3044": {
          "precision": 0.4008298111597968,
          "recall": 0.8077043288013752,
          "f1-score": 0.5357762977168476,
          "support": 12798.0
        },
        "\u4e0a\u6607": {
          "precision": 0.335873388042204,
          "recall": 0.054467680608365016,
          "f1-score": 0.09373466383117945,
          "support": 10520.0
        }
      },
      "confusion_matrix": [
        [
          2344,
          7574,
          594
        ],
        [
          1922,
          10337,
          539
        ],
        [
          2069,
          7878,
          573
        ]
      ]
    },
    "period_2": {
      "accuracy": 0.3051138043156961,
      "class_metrics": {
        "\u4e0b\u843d": {
          "precision": 0.39106145251396646,
          "recall": 0.022723583833793217,
          "f1-score": 0.042951372909955515,
          "support": 12322.0
        },
        "\u6a2a\u3070\u3044": {
          "precision": 0.2834965660177998,
          "recall": 0.7687052341597796,
          "f1-score": 0.41422718365892763,
          "support": 9075.0
        },
        "\u4e0a\u6607": {
          "precision": 0.360409074879511,
          "recall": 0.24660178557065873,
          "f1-score": 0.29283667621776505,
          "support": 12433.0
        }
      },
      "confusion_matrix": [
        [
          280,
          8541,
          3501
        ],
        [
          159,
          6976,
          1940
        ],
        [
          277,
          9090,
          3066
        ]
      ]
    },
    "period_3": {
      "accuracy": 0.30263080106414425,
      "class_metrics": {
        "\u4e0b\u843d": {
          "precision": 0.4032211259431225,
          "recall": 0.4284282741077623,
          "f1-score": 0.4154426878947565,
          "support": 12973.0
        },
        "\u6a2a\u3070\u3044": {
          "precision": 0.23346303501945526,
          "recall": 0.6090577824049974,
          "f1-score": 0.3375405697800216,
          "support": 7684.0
        },
        "\u4e0a\u6607": {
          "precision": 0.0,
          "recall": 0.0,
          "f1-score": 0.0,
          "support": 13173.0
        }
      },
      "confusion_matrix": [
        [
          5558,
          7415,
          0
        ],
        [
          3004,
          4680,
          0
        ],
        [
          5222,
          7951,
          0
        ]
      ]
    }
  }
}