{
  "regression": {
    "period_1": {
      "mae": 0.0010968560427428494
    },
    "period_2": {
      "mae": 0.0016116921359618063
    },
    "period_3": {
      "mae": 0.0019643296489998533
    }
  },
  "classification": {
    "period_1": {
      "accuracy": 0.37829209896249,
      "class_metrics": {
        "\u4e0b\u843d": {
          "precision": 0.0,
          "recall": 0.0,
          "f1-score": 0.0,
          "support": 10512.0
        },
        "\u6a2a\u3070\u3044": {
          "precision": 0.37829209896249,
          "recall": 1.0,
          "f1-score": 0.5489287782281412,
          "support": 12798.0
        },
        "\u4e0a\u6607": {
          "precision": 0.0,
          "recall": 0.0,
          "f1-score": 0.0,
          "support": 10521.0
        }
      },
      "confusion_matrix": [
        [
          0,
          10512,
          0
        ],
        [
          0,
          12798,
          0
        ],
        [
          0,
          10521,
          0
        ]
      ]
    },
    "period_2": {
      "accuracy": 0.2682451006473353,
      "class_metrics": {
        "\u4e0b\u843d": {
          "precision": 0.0,
          "recall": 0.0,
          "f1-score": 0.0,
          "support": 12322.0
        },
        "\u6a2a\u3070\u3044": {
          "precision": 0.2682451006473353,
          "recall": 1.0,
          "f1-score": 0.42301775975388056,
          "support": 9075.0
        },
        "\u4e0a\u6607": {
          "precision": 0.0,
          "recall": 0.0,
          "f1-score": 0.0,
          "support": 12434.0
        }
      },
      "confusion_matrix": [
        [
          0,
          12322,
          0
        ],
        [
          0,
          9075,
          0
        ],
        [
          0,
          12434,
          0
        ]
      ]
    },
    "period_3": {
      "accuracy": 0.22715852324790872,
      "class_metrics": {
        "\u4e0b\u843d": {
          "precision": 0.0,
          "recall": 0.0,
          "f1-score": 0.0,
          "support": 12972.0
        },
        "\u6a2a\u3070\u3044": {
          "precision": 0.22715852324790872,
          "recall": 1.0,
          "f1-score": 0.3702187108584642,
          "support": 7685.0
        },
        "\u4e0a\u6607": {
          "precision": 0.0,
          "recall": 0.0,
          "f1-score": 0.0,
          "support": 13174.0
        }
      },
      "confusion_matrix": [
        [
          0,
          12972,
          0
        ],
        [
          0,
          7685,
          0
        ],
        [
          0,
          13174,
          0
        ]
      ]
    }
  }
}