{
  "regression": {
    "period_1": {
      "mae": 0.0012156675667471006
    },
    "period_2": {
      "mae": 0.001743863481121517
    },
    "period_3": {
      "mae": 0.0021174657702042717
    }
  },
  "classification": {
    "period_1": {
      "accuracy": 0.5169553999262809,
      "class_metrics": {
        "下落": {
          "precision": 0.5208049629293388,
          "recall": 0.5041376785060417,
          "f1-score": 0.5123358017340826,
          "support": 13655.0
        },
        "上昇": {
          "precision": 0.5132978723404256,
          "recall": 0.5299443413729128,
          "f1-score": 0.5214882973673641,
          "support": 13475.0
        }
      },
      "confusion_matrix": [
        [
          6884,
          6771
        ],
        [
          6334,
          7141
        ]
      ]
    },
    "period_2": {
      "accuracy": 0.5190563951345374,
      "class_metrics": {
        "下落": {
          "precision": 0.5165489992875186,
          "recall": 0.5881702190427023,
          "f1-score": 0.5500379336505966,
          "support": 13559.0
        },
        "上昇": {
          "precision": 0.5223676332221366,
          "recall": 0.4500036843268735,
          "f1-score": 0.4834929934288655,
          "support": 13571.0
        }
      },
      "confusion_matrix": [
        [
          7975,
          5584
        ],
        [
          7464,
          6107
        ]
      ]
    },
    "period_3": {
      "accuracy": 0.520604496866937,
      "class_metrics": {
        "下落": {
          "precision": 0.5181623192416799,
          "recall": 0.5534698100657749,
          "f1-score": 0.5352344196683819,
          "support": 13531.0
        },
        "上昇": {
          "precision": 0.5233888143882622,
          "recall": 0.4879035223178175,
          "f1-score": 0.5050235956766631,
          "support": 13599.0
        }
      },
      "confusion_matrix": [
        [
          7489,
          6042
        ],
        [
          6964,
          6635
        ]
      ]
    }
  },
  "binary_classification": {},
  "threshold_binary_classification": {
    "period_1": {
      "accuracy": 0.5166236638407666,
      "precision": 0.5127121628283682,
      "recall": 0.5402597402597402,
      "f1_score": 0.5261256052612561,
      "confusion_matrix": [
        [
          6736,
          6919
        ],
        [
          6195,
          7280
        ]
      ],
      "filtered_ratio": 0.0,
      "data_size": {
        "0.0": 13655,
        "1.0": 13475
      }
    },
    "period_2": {
      "accuracy": 0.5171028381865094,
      "precision": 0.5182595182595182,
      "recall": 0.4914892049222607,
      "f1_score": 0.5045194962369048,
      "confusion_matrix": [
        [
          7359,
          6200
        ],
        [
          6901,
          6670
        ]
      ],
      "filtered_ratio": 0.0,
      "data_size": {
        "1.0": 13571,
        "0.0": 13559
      }
    },
    "period_3": {
      "accuracy": 0.5159601916697383,
      "precision": 0.5180350660384645,
      "recall": 0.49319802926685785,
      "f1_score": 0.5053115346944925,
      "confusion_matrix": [
        [
          7291,
          6240
        ],
        [
          6892,
          6707
        ]
      ],
      "filtered_ratio": 0.0,
      "data_size": {
        "1.0": 13599,
        "0.0": 13531
      }
    }
  }
}