{
  "regression": {
    "period_1": {
      "mae": 0.0010968080121683949
    },
    "period_2": {
      "mae": 0.001584814126163265
    },
    "period_3": {
      "mae": 0.001949565532843443
    }
  },
  "classification": {
    "period_1": {
      "accuracy": 0.37447902811031303,
      "class_metrics": {
        "下落": {
          "precision": 0.35252505403812145,
          "recall": 0.170662100456621,
          "f1-score": 0.22998525735529773,
          "support": 10512.0
        },
        "横ばい": {
          "precision": 0.37949148980878333,
          "recall": 0.8466947960618847,
          "f1-score": 0.5240858966918166,
          "support": 12798.0
        },
        "上昇": {
          "precision": 0.2074468085106383,
          "recall": 0.0037068719703450244,
          "f1-score": 0.007283593239331403,
          "support": 10521.0
        }
      },
      "confusion_matrix": [
        [
          1794,
          8673,
          45
        ],
        [
          1858,
          10836,
          104
        ],
        [
          1437,
          9045,
          39
        ]
      ]
    },
    "period_2": {
      "accuracy": 0.2792113741834412,
      "class_metrics": {
        "下落": {
          "precision": 0.37640449438202245,
          "recall": 0.04349943191040415,
          "f1-score": 0.07798632329404918,
          "support": 12322.0
        },
        "横ばい": {
          "precision": 0.26941934580093857,
          "recall": 0.8477134986225895,
          "f1-score": 0.4088867628690638,
          "support": 9075.0
        },
        "上昇": {
          "precision": 0.3158577731637685,
          "recall": 0.09787678944828695,
          "f1-score": 0.14944434211334193,
          "support": 12434.0
        }
      },
      "confusion_matrix": [
        [
          536,
          10130,
          1656
        ],
        [
          402,
          7693,
          980
        ],
        [
          486,
          10731,
          1217
        ]
      ]
    },
    "period_3": {
      "accuracy": 0.2565694185805918,
      "class_metrics": {
        "下落": {
          "precision": 0.4396449704142012,
          "recall": 0.11455442491520197,
          "f1-score": 0.18175146771037182,
          "support": 12972.0
        },
        "横ばい": {
          "precision": 0.22711353925894795,
          "recall": 0.8438516590761224,
          "f1-score": 0.35790170810452826,
          "support": 7685.0
        },
        "上昇": {
          "precision": 0.37374802319451766,
          "recall": 0.05381812661302566,
          "f1-score": 0.09408798354455578,
          "support": 13174.0
        }
      },
      "confusion_matrix": [
        [
          1486,
          10689,
          797
        ],
        [
          809,
          6485,
          391
        ],
        [
          1085,
          11380,
          709
        ]
      ]
    }
  }
}