{
  "regression": {
    "period_1": {
      "mae": 0.0010942640763662254
    },
    "period_2": {
      "mae": 0.0015798653163278584
    },
    "period_3": {
      "mae": 0.0019418832600023082
    }
  },
  "classification": {
    "period_1": {
      "accuracy": 0.3074427931115829,
      "class_metrics": {
        "下落": {
          "precision": 0.21198668146503885,
          "recall": 0.6941247728649304,
          "f1-score": 0.3247839025081479,
          "support": 6604.0
        },
        "横ばい": {
          "precision": 0.8228377839776804,
          "recall": 0.19977743371395393,
          "f1-score": 0.32149809234602506,
          "support": 20668.0
        },
        "上昇": {
          "precision": 0.23562585969738653,
          "recall": 0.2579819277108434,
          "f1-score": 0.24629762760603882,
          "support": 6640.0
        }
      },
      "confusion_matrix": [
        [
          4584,
          448,
          1572
        ],
        [
          12554,
          4129,
          3985
        ],
        [
          4486,
          441,
          1713
        ]
      ]
    },
    "period_2": {
      "accuracy": 0.35721868365180465,
      "class_metrics": {
        "下落": {
          "precision": 0.294425869554369,
          "recall": 0.6476399560922064,
          "f1-score": 0.40481663178839755,
          "support": 9110.0
        },
        "横ばい": {
          "precision": 0.7475018279307823,
          "recall": 0.19606213641884548,
          "f1-score": 0.31064519396333434,
          "support": 15643.0
        },
        "上昇": {
          "precision": 0.32210849539406344,
          "recall": 0.34359646249590564,
          "f1-score": 0.33250567911669926,
          "support": 9159.0
        }
      },
      "confusion_matrix": [
        [
          5900,
          521,
          2689
        ],
        [
          8642,
          3067,
          3934
        ],
        [
          5497,
          515,
          3147
        ]
      ]
    },
    "period_3": {
      "accuracy": 0.3899504600141543,
      "class_metrics": {
        "下落": {
          "precision": 0.3300149614455058,
          "recall": 0.5659725648870029,
          "f1-score": 0.416924139435135,
          "support": 10133.0
        },
        "横ばい": {
          "precision": 0.582408435072142,
          "recall": 0.31140123136265857,
          "f1-score": 0.4058195176180579,
          "support": 13481.0
        },
        "上昇": {
          "precision": 0.35288440917864033,
          "recall": 0.3195766168187998,
          "f1-score": 0.33540562576437016,
          "support": 10298.0
        }
      },
      "confusion_matrix": [
        [
          5735,
          1488,
          2910
        ],
        [
          6158,
          4198,
          3125
        ],
        [
          5485,
          1522,
          3291
        ]
      ]
    }
  }
}