{
  "regression": {
    "period_1": {
      "mae": 0.0012157653610134086
    },
    "period_2": {
      "mae": 0.0017434304847717525
    },
    "period_3": {
      "mae": 0.0021168565039988564
    }
  },
  "classification": {
    "period_1": {
      "accuracy": 0.3030191322298817,
      "class_metrics": {
        "下落": {
          "precision": 0.24314469078179696,
          "recall": 0.5612794612794613,
          "f1-score": 0.3393038876450234,
          "support": 5940.0
        },
        "横ばい": {
          "precision": 0.8940451745379877,
          "recall": 0.143026082386177,
          "f1-score": 0.24660172179429088,
          "support": 15221.0
        },
        "上昇": {
          "precision": 0.24672131147540985,
          "recall": 0.45407308079114983,
          "f1-score": 0.3197214681930839,
          "support": 5966.0
        }
      },
      "confusion_matrix": [
        [
          3334,
          137,
          2469
        ],
        [
          7242,
          2177,
          5802
        ],
        [
          3136,
          121,
          2709
        ]
      ]
    },
    "period_2": {
      "accuracy": 0.3860729162826704,
      "class_metrics": {
        "下落": {
          "precision": 0.3306104523495828,
          "recall": 0.46938521012595086,
          "f1-score": 0.38796124510410224,
          "support": 8019.0
        },
        "横ばい": {
          "precision": 0.6837994457042076,
          "recall": 0.2457888063756566,
          "f1-score": 0.3616014922390247,
          "support": 11042.0
        },
        "上昇": {
          "precision": 0.3393357682833602,
          "recall": 0.4952888668484999,
          "f1-score": 0.4027420736932305,
          "support": 8066.0
        }
      },
      "confusion_matrix": [
        [
          3764,
          631,
          3624
        ],
        [
          4174,
          2714,
          4154
        ],
        [
          3447,
          624,
          3995
        ]
      ]
    },
    "period_3": {
      "accuracy": 0.4053894643712906,
      "class_metrics": {
        "下落": {
          "precision": 0.3622859500722096,
          "recall": 0.4014631915866484,
          "f1-score": 0.3808697538227958,
          "support": 8748.0
        },
        "横ばい": {
          "precision": 0.5623612139156181,
          "recall": 0.31775407779171894,
          "f1-score": 0.4060662747194014,
          "support": 9564.0
        },
        "上昇": {
          "precision": 0.3696067836062848,
          "recall": 0.50436755530346,
          "f1-score": 0.4265975820379965,
          "support": 8815.0
        }
      },
      "confusion_matrix": [
        [
          3512,
          1185,
          4051
        ],
        [
          2993,
          3039,
          3532
        ],
        [
          3189,
          1180,
          4446
        ]
      ]
    }
  },
  "binary_classification": {},
  "threshold_binary_classification": {
    "period_1": {
      "accuracy": 0.4965901131713791,
      "precision": 0.4965901131713791,
      "recall": 1.0,
      "f1_score": 0.6636287501847382,
      "confusion_matrix": [
        [
          0,
          13656
        ],
        [
          0,
          13471
        ]
      ],
      "filtered_ratio": 0.0,
      "data_size": {}
    },
    "period_2": {
      "accuracy": 0.5002396136690382,
      "precision": 0.500258074030379,
      "recall": 0.9998526269250608,
      "f1_score": 0.6668632510136381,
      "confusion_matrix": [
        [
          1,
          13555
        ],
        [
          2,
          13569
        ]
      ],
      "filtered_ratio": 0.0,
      "data_size": {}
    },
    "period_3": {
      "accuracy": 0.5011980683451911,
      "precision": 0.5024532461068051,
      "recall": 0.5195588235294117,
      "f1_score": 0.510862885442649,
      "confusion_matrix": [
        [
          6530,
          6997
        ],
        [
          6534,
          7066
        ]
      ],
      "filtered_ratio": 0.0,
      "data_size": {}
    }
  }
}