{
  "regression": {
    "period_1": {
      "mae": 0.0012071697480405786
    },
    "period_2": {
      "mae": 0.001729874370711502
    },
    "period_3": {
      "mae": 0.002097693723665074
    }
  },
  "classification": {
    "period_1": {
      "accuracy": 0.5161562442692096,
      "class_metrics": {
        "下落": {
          "precision": 0.51699439151294,
          "recall": 0.5586710478276743,
          "f1-score": 0.5370253386677897,
          "support": 13695.0
        },
        "上昇": {
          "precision": 0.5151612385689074,
          "recall": 0.4732498157700811,
          "f1-score": 0.493316945767399,
          "support": 13570.0
        }
      },
      "confusion_matrix": [
        [
          7651,
          6044
        ],
        [
          7148,
          6422
        ]
      ]
    },
    "period_2": {
      "accuracy": 0.5184668989547039,
      "class_metrics": {
        "下落": {
          "precision": 0.5169959325973271,
          "recall": 0.5234978304037655,
          "f1-score": 0.5202265667823862,
          "support": 13597.0
        },
        "上昇": {
          "precision": 0.5199674001629991,
          "recall": 0.5134621012584138,
          "f1-score": 0.516694275722437,
          "support": 13668.0
        }
      },
      "confusion_matrix": [
        [
          7118,
          6479
        ],
        [
          6650,
          7018
        ]
      ]
    },
    "period_3": {
      "accuracy": 0.5202273977626994,
      "class_metrics": {
        "下落": {
          "precision": 0.5167339675586886,
          "recall": 0.5563743551952837,
          "f1-score": 0.5358220077357084,
          "support": 13570.0
        },
        "上昇": {
          "precision": 0.5242611032084716,
          "recall": 0.48441036874771815,
          "f1-score": 0.5035485217655319,
          "support": 13695.0
        }
      },
      "confusion_matrix": [
        [
          7550,
          6020
        ],
        [
          7061,
          6634
        ]
      ]
    }
  },
  "binary_classification": {},
  "threshold_binary_classification": {
    "period_1": {
      "accuracy": 0.5158261507427104,
      "precision": 0.5126830274283357,
      "recall": 0.5495946941783345,
      "f1_score": 0.5304975637514671,
      "confusion_matrix": [
        [
          6606,
          7089
        ],
        [
          6112,
          7458
        ]
      ],
      "filtered_ratio": 0.0,
      "data_size": {
        "0.0": 13695,
        "1.0": 13570
      }
    },
    "period_2": {
      "accuracy": 0.5189070236567027,
      "precision": 0.519933434628464,
      "recall": 0.525753585016096,
      "f1_score": 0.5228273127432791,
      "confusion_matrix": [
        [
          6962,
          6635
        ],
        [
          6482,
          7186
        ]
      ],
      "filtered_ratio": 0.0,
      "data_size": {
        "1.0": 13668,
        "0.0": 13597
      }
    },
    "period_3": {
      "accuracy": 0.521181001283697,
      "precision": 0.5204290091930541,
      "recall": 0.595253742241694,
      "f1_score": 0.5553322660853571,
      "confusion_matrix": [
        [
          6058,
          7512
        ],
        [
          5543,
          8152
        ]
      ],
      "filtered_ratio": 0.0,
      "data_size": {
        "1.0": 13695,
        "0.0": 13570
      }
    }
  }
}