{
  "regression": {
    "period_1": {
      "mae": 0.0010968560427428494
    },
    "period_2": {
      "mae": 0.0015848813713903733
    },
    "period_3": {
      "mae": 0.001956052206830518
    }
  },
  "classification": {
    "period_1": {
      "accuracy": 0.373119328426591,
      "class_metrics": {
        "\u4e0b\u843d": {
          "precision": 0.3296728437428506,
          "recall": 0.4112442922374429,
          "f1-score": 0.36596825396825394,
          "support": 10512.0
        },
        "\u6a2a\u3070\u3044": {
          "precision": 0.4007081878152891,
          "recall": 0.6454914830442257,
          "f1-score": 0.4944633985754474,
          "support": 12798.0
        },
        "\u4e0a\u6607": {
          "precision": 0.38235294117647056,
          "recall": 0.0037068719703450244,
          "f1-score": 0.0073425585992657446,
          "support": 10521.0
        }
      },
      "confusion_matrix": [
        [
          4323,
          6139,
          50
        ],
        [
          4524,
          8261,
          13
        ],
        [
          4266,
          6216,
          39
        ]
      ]
    },
    "period_2": {
      "accuracy": 0.3042475835771925,
      "class_metrics": {
        "\u4e0b\u843d": {
          "precision": 0.39367138364779874,
          "recall": 0.16255478006817076,
          "f1-score": 0.23009764503159105,
          "support": 12322.0
        },
        "\u6a2a\u3070\u3044": {
          "precision": 0.2793908395185171,
          "recall": 0.8005509641873279,
          "f1-score": 0.41421973886766633,
          "support": 9075.0
        },
        "\u4e0a\u6607": {
          "precision": 0.3740875912408759,
          "recall": 0.08243525816310117,
          "f1-score": 0.13509951232371162,
          "support": 12434.0
        }
      },
      "confusion_matrix": [
        [
          2003,
          9150,
          1169
        ],
        [
          1264,
          7265,
          546
        ],
        [
          1821,
          9588,
          1025
        ]
      ]
    },
    "period_3": {
      "accuracy": 0.26602819898909286,
      "class_metrics": {
        "\u4e0b\u843d": {
          "precision": 0.4452359750667854,
          "recall": 0.0385445575084798,
          "f1-score": 0.0709471443774388,
          "support": 12972.0
        },
        "\u6a2a\u3070\u3044": {
          "precision": 0.23883103795767552,
          "recall": 0.9251789199739753,
          "f1-score": 0.37965558670404487,
          "support": 7685.0
        },
        "\u4e0a\u6607": {
          "precision": 0.47311095983662355,
          "recall": 0.10551085471383027,
          "f1-score": 0.17254220456802383,
          "support": 13174.0
        }
      },
      "confusion_matrix": [
        [
          500,
          11310,
          1162
        ],
        [
          189,
          7110,
          386
        ],
        [
          434,
          11350,
          1390
        ]
      ]
    }
  }
}