{
  "regression": {
    "period_1": {
      "mae": 0.0010990488514619398
    },
    "period_2": {
      "mae": 0.0015893375053647179
    },
    "period_3": {
      "mae": 0.001962913218083432
    }
  },
  "classification": {
    "period_1": {
      "accuracy": 0.310750495108037,
      "class_metrics": {
        "\u4e0b\u843d": {
          "precision": 0.31073930651216414,
          "recall": 1.0,
          "f1-score": 0.4741435691572134,
          "support": 10512.0
        },
        "\u6a2a\u3070\u3044": {
          "precision": 0.0,
          "recall": 0.0,
          "f1-score": 0.0,
          "support": 12798.0
        },
        "\u4e0a\u6607": {
          "precision": 1.0,
          "recall": 9.5047999239616e-05,
          "f1-score": 0.00019007793195210037,
          "support": 10521.0
        }
      },
      "confusion_matrix": [
        [
          10512,
          0,
          0
        ],
        [
          12798,
          0,
          0
        ],
        [
          10519,
          1,
          1
        ]
      ]
    },
    "period_2": {
      "accuracy": 0.3204753037155272,
      "class_metrics": {
        "\u4e0b\u843d": {
          "precision": 0.36832429451236326,
          "recall": 0.32519071579289077,
          "f1-score": 0.34541614585578206,
          "support": 12322.0
        },
        "\u6a2a\u3070\u3044": {
          "precision": 0.2857806691449814,
          "recall": 0.6099173553719008,
          "f1-score": 0.38919945153464824,
          "support": 9075.0
        },
        "\u4e0a\u6607": {
          "precision": 0.3627232142857143,
          "recall": 0.10455203474344539,
          "f1-score": 0.16231739293295044,
          "support": 12434.0
        }
      },
      "confusion_matrix": [
        [
          4007,
          6840,
          1475
        ],
        [
          2731,
          5535,
          809
        ],
        [
          4141,
          6993,
          1300
        ]
      ]
    },
    "period_3": {
      "accuracy": 0.27424551446897816,
      "class_metrics": {
        "\u4e0b\u843d": {
          "precision": 0.44696314241218205,
          "recall": 0.19912118408880666,
          "f1-score": 0.27550530638365955,
          "support": 12972.0
        },
        "\u6a2a\u3070\u3044": {
          "precision": 0.23866390988164837,
          "recall": 0.8711776187378009,
          "f1-score": 0.3746817024372499,
          "support": 7685.0
        },
        "\u4e0a\u6607": {
          "precision": 0.0,
          "recall": 0.0,
          "f1-score": 0.0,
          "support": 13174.0
        }
      },
      "confusion_matrix": [
        [
          2583,
          10389,
          0
        ],
        [
          990,
          6695,
          0
        ],
        [
          2206,
          10968,
          0
        ]
      ]
    }
  }
}