{
  "regression": {
    "period_1": {
      "mae": 0.0011070738661924093
    },
    "period_2": {
      "mae": 0.0015848582277378238
    },
    "period_3": {
      "mae": 0.001948136993558203
    }
  },
  "classification": {
    "period_1": {
      "accuracy": 0.3155094440010641,
      "class_metrics": {
        "\u4e0b\u843d": {
          "precision": 0.3174699795252061,
          "recall": 0.5457572298325722,
          "f1-score": 0.4014274218941329,
          "support": 10512.0
        },
        "\u6a2a\u3070\u3044": {
          "precision": 0.0,
          "recall": 0.0,
          "f1-score": 0.0,
          "support": 12798.0
        },
        "\u4e0a\u6607": {
          "precision": 0.31326142131979695,
          "recall": 0.4692519722459842,
          "f1-score": 0.3757086868840607,
          "support": 10521.0
        }
      },
      "confusion_matrix": [
        [
          5737,
          0,
          4775
        ],
        [
          6750,
          0,
          6048
        ],
        [
          5584,
          0,
          4937
        ]
      ]
    },
    "period_2": {
      "accuracy": 0.36114805947208184,
      "class_metrics": {
        "\u4e0b\u843d": {
          "precision": 0.3639219576719577,
          "recall": 0.35724720012984906,
          "f1-score": 0.36055368990089276,
          "support": 12322.0
        },
        "\u6a2a\u3070\u3044": {
          "precision": 0.0,
          "recall": 0.0,
          "f1-score": 0.0,
          "support": 9075.0
        },
        "\u4e0a\u6607": {
          "precision": 0.3596043248217161,
          "recall": 0.6285990027344378,
          "f1-score": 0.4574907079516521,
          "support": 12434.0
        }
      },
      "confusion_matrix": [
        [
          4402,
          0,
          7920
        ],
        [
          3076,
          0,
          5999
        ],
        [
          4618,
          0,
          7816
        ]
      ]
    },
    "period_3": {
      "accuracy": 0.38340575212083594,
      "class_metrics": {
        "\u4e0b\u843d": {
          "precision": 0.3834397540498995,
          "recall": 0.9999229108849831,
          "f1-score": 0.5543162393162393,
          "support": 12972.0
        },
        "\u6a2a\u3070\u3044": {
          "precision": 0.0,
          "recall": 0.0,
          "f1-score": 0.0,
          "support": 7685.0
        },
        "\u4e0a\u6607": {
          "precision": 0.0,
          "recall": 0.0,
          "f1-score": 0.0,
          "support": 13174.0
        }
      },
      "confusion_matrix": [
        [
          12971,
          1,
          0
        ],
        [
          7685,
          0,
          0
        ],
        [
          13172,
          2,
          0
        ]
      ]
    }
  }
}