{
  "regression": {
    "period_1": {
      "mae": 0.0012059776942393355
    },
    "period_2": {
      "mae": 0.001728596625518537
    },
    "period_3": {
      "mae": 0.002097968768012127
    }
  },
  "classification": {
    "period_1": {
      "accuracy": 0.5164436296975252,
      "class_metrics": {
        "下落": {
          "precision": 0.5179193975735602,
          "recall": 0.5420710793256951,
          "f1-score": 0.5297200927081476,
          "support": 13703.0
        },
        "上昇": {
          "precision": 0.5148070826567696,
          "recall": 0.49056881815502507,
          "f1-score": 0.5023957743821921,
          "support": 13572.0
        }
      },
      "confusion_matrix": [
        [
          7428,
          6275
        ],
        [
          6914,
          6658
        ]
      ]
    },
    "period_2": {
      "accuracy": 0.5205866177818516,
      "class_metrics": {
        "下落": {
          "precision": 0.5199909474954737,
          "recall": 0.5066147287961194,
          "f1-score": 0.5132156950338769,
          "support": 13606.0
        },
        "上昇": {
          "precision": 0.5211498680362365,
          "recall": 0.5344941107615773,
          "f1-score": 0.52773764807859,
          "support": 13669.0
        }
      },
      "confusion_matrix": [
        [
          6893,
          6713
        ],
        [
          6363,
          7306
        ]
      ]
    },
    "period_3": {
      "accuracy": 0.5212832263978002,
      "class_metrics": {
        "下落": {
          "precision": 0.5187028872137676,
          "recall": 0.536994772877862,
          "f1-score": 0.5276903599204196,
          "support": 13583.0
        },
        "上昇": {
          "precision": 0.5240293650192992,
          "recall": 0.5056967572304996,
          "f1-score": 0.5146998699126556,
          "support": 13692.0
        }
      },
      "confusion_matrix": [
        [
          7294,
          6289
        ],
        [
          6768,
          6924
        ]
      ]
    }
  },
  "binary_classification": {
    "period_1": {
      "error": "target_not_found",
      "message": "ターゲット変数が見つかりません"
    },
    "period_2": {
      "error": "target_not_found",
      "message": "ターゲット変数が見つかりません"
    },
    "period_3": {
      "error": "target_not_found",
      "message": "ターゲット変数が見つかりません"
    }
  },
  "threshold_binary_classification": {
    "period_1": {
      "accuracy": 0.5172135655362053,
      "precision": 0.5137004883342376,
      "recall": 0.558060713233127,
      "f1_score": 0.5349625653340867,
      "confusion_matrix": [
        [
          6533,
          7170
        ],
        [
          5998,
          7574
        ]
      ],
      "filtered_ratio": 0.0,
      "data_size": {
        "0.0": 13703,
        "1.0": 13572
      }
    },
    "period_2": {
      "accuracy": 0.5185701191567369,
      "precision": 0.5189730568486387,
      "recall": 0.538298339307923,
      "f1_score": 0.528459079972708,
      "confusion_matrix": [
        [
          6786,
          6820
        ],
        [
          6311,
          7358
        ]
      ],
      "filtered_ratio": 0.0,
      "data_size": {
        "1.0": 13669,
        "0.0": 13606
      }
    },
    "period_3": {
      "accuracy": 0.522749770852429,
      "precision": 0.5233644859813084,
      "recall": 0.5521472392638037,
      "f1_score": 0.5373707218253545,
      "confusion_matrix": [
        [
          6698,
          6885
        ],
        [
          6132,
          7560
        ]
      ],
      "filtered_ratio": 0.0,
      "data_size": {
        "1.0": 13692,
        "0.0": 13583
      }
    }
  }
}